"00267b43-d157-4b95-bddb-c5bf2d07f1d3"	Limonium aegusae	
"00267b43-d157-4b95-bddb-c5bf2d07f1d3"	Limonium tenuiculum	
"007c3242-3b75-4a07-954e-da4bcfea0b22"	Dianthus rupicola	
"00aef254-c372-454e-b9fa-d76debe060b6"	Rumex crispus	
"010bb7e2-9356-4413-ae04-af11b4ddb975"	Leonurus cardiaca	
"01223574-87b9-43aa-b238-4216e7a00abd"	Plantago virginica	
"0155f740-b465-408f-bc90-c9f998f02f50"	Daedalea quercina	
"0170376d-3bef-4819-80da-25c209f9c743"	Meripilus giganteus	
"018b04c1-73b9-4af9-aed3-b20025fbc3fb"	Orbexilum lupinellum	
"020d342b-99ba-4d12-8a2d-10ba2613bc3f"	Securidaca longipedunculata	
"02848e1a-d99e-4ea9-bb36-d3290c49611b"	Juglans regia	English Walnut
"02bba94b-f413-4b72-99a2-26adcc2985b1"	Cinnamomum cassia	Cinnamon
"02cc65b9-f485-4453-b227-68e0c6f01bb5"	Securidaca longipedunculata	
"02cea54c-46cf-4f1e-b698-59bf595fda85"	Artocarpus altilis	
"02e31f02-041a-4296-bfaa-1e982a030d44"	Lechea minor	
"02e31f02-041a-4296-bfaa-1e982a030d44"	Lechea mucronata	
"02e31f02-041a-4296-bfaa-1e982a030d44"	Lechea sessiliflora	
"02e31f02-041a-4296-bfaa-1e982a030d44"	Lechea tenuifolia	
"02e81391-0ce6-44a3-8617-f8a53e08ff84"	Agathosma betulina	
"033b2152-160a-4780-8ccb-2b5d1b3015ab"	Boehmeria cylindrica	
"037b126d-381d-42f8-aff5-352512b9404e"	Ipomoea pandurata	
"03cf4b10-2d6a-4ce9-92d2-ea754df1bc76"	Paspalum notatum	
"03d48b60-5f7c-441c-9dcf-ed1b85c893c6"	Urera trinervis	
"0421b07a-7669-4f02-929b-4d6ae32d90ed"	Melissa officinalis	
"043cdb86-1bae-4ab2-a9de-c92f50f230a1"	Alcea setosa	
"0443a27a-fd3c-411d-af4d-617b79790cea"	Cinnamomum verum	Cinnamon
"0506c1ec-6587-4b60-acd5-9c69a0a59394"	Paspalum notatum	
"052c18a0-2623-4132-828b-3a6628361850"	Curcuma longa	Turmeric
"053ac2e6-f2d5-4bf6-b85e-fc9da388e080"	Ambrosia artemisiifolia	Ragweed
"05b86980-b409-421a-b2c8-8ee854ff94c6"	Sambucus ebulus	
"06a21315-0c28-436f-a15f-4f8d8d5ceb2f"	Senna occidentalis	
"06be2c72-0ada-4f4d-af5c-79a5c32bda73"	Youngia japonica	
"06cf6985-8f64-45cd-a5b5-c27849dc397a"	Erigeron strigosus	
"06e256c0-918a-47e1-89ea-fadcf5f792f5"	Phlomis herba	
"0723fe37-693d-4a5e-9fd1-0f8fdcd931d1"	Salvia verticillata	
"07373f70-ebbb-44d0-b012-38f4f7d4d514"	Nuphar lutea	
"07955e2d-d78d-47d5-b9dc-ed7fef399fc4"	Ilex glabra	
"07fc4364-75fd-48a0-9ae5-943f9e514bb5"	Echinacea purpurea	Echinacea purpurea
"0816a313-bf97-4934-bf14-a3567c36724e"	Apium graveolens	
"08b4110f-f140-4bf2-9e98-a666cc5a1d72"	Silene nutans	
"0922e445-edd1-4f5a-95e2-f507af132d40"	Typha domingensis	
"093fb821-0150-425d-9b15-26afae4929d6"	Magnolia virginiana	
"09aa1653-c3e7-4d50-9804-8d7a9c626654"	Rhus coriaria	
"09bea496-219d-4a8b-a46e-3134fd61fcb9"	Diospyros virginiana	Persimmon
"09e729e6-69b9-4302-88f9-40370dd931ea"	Artemisia absinthium	Wormwood
"09ffaeeb-c723-4059-a762-956130091644"	Rosa canina	Rose Hip
"0a91c5ad-8f87-4f54-b3ae-bb173f314ae5"	Filipendula ulmaria	
"0ad18ca7-02ab-4871-a549-7fa259cf73d2"	Plantago major	
"0af2c8b2-0f1a-4f9c-b0ba-1f5e7d66d7d8"	Achillea millefolium	
"0b08edb0-8f30-40d9-b958-87f087518e7b"	Carthamus lanatus	
"0bfd48f8-b1e5-4727-a7cc-9a68e9bd3d0d"	Piper nigrum	Black pepper
"0c186b1e-8992-4e52-a533-808d957a783d"	Nicotiana glauca	
"0ccf4f6a-59b2-491c-9d64-05f428cc6bbf"	Mammea americana	
"0d456929-6f4e-4a98-8fe3-29fca5d9e0a1"	Rheum australe	
"0da92216-2a9e-4011-8777-4394d361d74f"	Garcinia gummi	Garcinia
"0dbf6e2b-1cbd-42fc-9696-efb86fd7fb4b"	Sassafras albidum	
"0dcb2448-2c08-48a0-b865-322dcdc20bbf"	Phytolacca americana	
"0dd63303-3490-41af-ac47-14229921cd96"	Sesamum calycinum	
"0e5a4d3b-448a-423d-a87a-50ac0e71f4ca"	Artemisia arborescens	
"0ea87aaf-902c-4f01-8d04-1d8a7d916bc8"	Amsonia ciliata	
"0ea87aaf-902c-4f01-8d04-1d8a7d916bc8"	Amsonia tabernaemontana	
"0ef2e706-c26d-4d52-b66c-5a8cc06a01d3"	Andropogon glomeratus	
"0fb0daf4-65e4-47a5-9729-3ff316bf439d"	Echinacea purpurea	Echinacea purpurea
"0fe93666-26ca-4621-8800-e9f82e4d3949"	Anchusa officinalis	
"102840c3-53ab-4efc-869e-3e9f9961fcc1"	Artemisia absinthium	Wormwood
"1065e0e6-1805-4df3-9e2d-f7071873d922"	Pseudognaphalium obtusifolium	
"11029106-ae23-47f6-8d0c-e315b7e8219b"	Drimia pancration	
"110d986f-8003-43bd-a9c9-1115b453f817"	Arum italicum	
"110ef5f9-4318-414e-bb2c-d7edd1d6e439"	Eupatorium compositifolium	
"115fc577-f532-4a90-a693-4d7b4d8a490c"	Aesculus pavia	
"118a271b-b866-4bf6-8add-d0ddbdbf7a5c"	Crithmum maritimum	
"1199d0d2-76bc-4ef2-af9e-d1460f644638"	Artocarpus altilis	
"11ded747-3e1b-4969-aab7-a3b423530982"	Licania michauxii	
"11dfba46-8f35-41c5-a2d6-70d170f7481c"	Croton argyranthemus	
"123020aa-277f-4094-97ff-cb41a0909d9e"	Equisetum maximum	
"1304582a-66a1-46a7-9f67-030280ace9ab"	Carya illinoinensis	
"1344b045-7b83-4dea-a736-5c753ec7b56f"	Quercus ilex	
"1347bc01-47ee-4d08-b069-ac89348f781f"	Harungana madagascariensis	
"13dfcbbc-828d-40d6-afb0-f559bab35e5e"	Ambrosia artemisiifolia	Ragweed
"13f711b6-dad8-43d2-a295-091a94d93aaf"	Pyrus pashia	
"142efb77-68fd-4ebd-b09c-c64574c1cbfe"	Agrimonia eupatoria	
"1455a3d3-7537-4aa6-aed0-42c30a875830"	Ginkgo biloba	Ginkgo
"14567acb-38ea-444b-a7b9-43b02af6dc29"	Teucrium chamaedrys	
"1487039b-ce2e-431a-8a05-398b46018bfb"	Yucca filamentosa	
"152b4cff-fe55-4ba2-8bdc-2e96c26ae250"	Quercus virginiana	
"152daf83-2b63-4409-bcbb-c387b7bbef01"	Centaurea benedicta	
"1573bc6f-fc26-4d72-ba24-9f5a13e83080"	Bixa orellana	
"15f7f7b8-5549-4a51-85dc-3bf08edde1a3"	Pinus heldreichii	
"164aeaa4-e349-44d6-9d3e-a9ef65fc15eb"	Solidago odora	
"166db01e-5403-47ff-9332-51f41f58a99c"	Pistia stratiotes	
"1678cefa-cc8a-4bdf-844c-2ba9c95251c5"	Salix × fragilis L.	
"17601a25-a781-48f8-90c3-c692f89e06f9"	Hedera helix	Ivy leaf
"1763e329-d359-4888-8d36-64d9e1a233ac"	Parthenocissus quinquefolia	
"1827d60e-df7e-4390-820b-ffb0ae41da86"	Vaccinium tenellum	
"18759caf-b1ba-4afa-a437-682de2d7ac00"	Nepeta cataria	Catnip
"18b4e81a-b500-4bdf-9eca-d5efc6aae008"	Pyrostegia venusta	
"190f092d-47e9-473b-9c23-2f9d834a78f1"	Lobaria pulmonaria	Lungwort
"190f4dbe-3f6f-436f-a033-3bfc8bd6187e"	Scutellaria lateriflora	
"19218484-c443-4f03-9c32-432aba22ba0c"	Hypericum piriai	
"192b9eb1-2fec-4bfc-a74e-7a6b7b559468"	Rhus copallinum	
"196c3a1b-9594-4c84-8a39-65532d28f5dc"	Haloxylon scoparium	
"198b0410-1162-4022-a814-29da6f44b5ec"	Bupleurum chinense	
"1998f4c7-8828-476a-8da7-45bd11b4c89f"	Diplotaxis tenuifolia	
"19a67ba4-9fbf-4528-a755-0b4b81dfce83"	Centranthus ruber	
"1a09c8d9-a83a-49d9-b4ca-a8604c765ed7"	Persicaria hydropiperoides	
"1ae4a714-0817-4f3b-8c6b-022ae3b4f308"	Chasmanthium latifolium	
"1ae9b009-1dff-4f6b-8df7-9af83e01a435"	Prunus angustifolia	
"1b1c4b9b-8743-456b-a32d-ab1db65a627f"	Tillandsia usneoides	
"1b5d225c-c101-4749-a678-8f1ae882a3fc"	Campsis radicans	
"1b9de473-96fc-4c3e-b665-039fc467cd3b"	Andropogon virginicus	
"1b9e5b50-7f22-4f16-88bb-640a6fd1325a"	Verbascum sinuatum	
"1bb41fab-e7ec-4269-8e5f-795d7056e201"	Juglans regia	English Walnut
"1c11f641-2918-4156-ae6e-b068b0afa9a3"	Conyza canadensis	
"1c6f3aa4-5469-4f64-afa8-2523aabdf1c4"	Chelidonium majus	
"1cb03c6b-f372-46b1-b3cb-3118b81be3e9"	Nepeta cataria	Catnip
"1cde7dc9-46b9-46fc-867a-f11d6c5cd255"	Gnaphalium pensylvanicum	
"1d242f45-ed71-4f8a-a6f7-49503131a824"	Trametes versicolor	
"1d4265d4-e788-4fa5-bd46-3e6f17deab43"	Gratiola virginiana	
"1d4828d0-3701-4841-bc7f-b19a47100020"	Curcuma Jonga	Turmeric
"1de95cf0-674a-4d54-8c47-bb5160299fba"	Persicaria punctata	
"1e242aba-b805-4770-b183-b12242746941"	Trigonella foenum	Fenugreek
"1e59173a-dbec-4f65-8664-6e50bba7a5f1"	Eupatorium purpureum	
"1e6f1b29-a961-4da0-80b9-9fd023e2610f"	Matricaria chamomilla	Chamomile (not specified)
"1e6f3272-01ae-46a2-91a8-81018eb75972"	Quercus ilex	
"1f1488e7-68d1-4c03-ad64-dc1137aeb444"	Vicia faba	Broad Bean
"1f5ebc75-7e16-4171-99d9-04ce621556be"	Nicotiana glauca	
"1f905bc6-6efd-4deb-add6-ce6c633d8fb1"	Quassia amara	Quassia
"1fb49344-d9ff-413a-b1a1-523a2608b0cf"	Gentiana olivieri	
"205a9d92-ccdb-4177-aaea-294658e893f0"	Tanacetum vulgare	Tansy
"208efc0f-1ed8-43fb-92d6-56f81f861fd6"	Sisymbrium officinale	
"21264510-7e28-42f9-a075-0f2db9ab9156"	Alcea rosea	
"21ad023c-b6f5-49f4-8091-da079e1f2caf"	Oplopanax horridus	
"2226bedf-a1d5-4c8f-b68e-f8311aa13252"	Ilex paraguariensis	Yerba Mate
"22313dde-0990-4ee1-9d45-e1e335e8b88e"	Ruta graveolens	
"225443e5-a5c4-4220-ba64-e6375ef6ca4d"	Chionanthus virginicus	
"230a5af1-6d0b-462a-9c05-25d7a69076d0"	Hypericum perforatum	St. John's Wort
"235fde70-398c-49a9-b39c-67847ce56a01"	Stillingia sylvatica	Queen's Delight
"2389c4f7-4878-4147-baeb-db521a95d401"	Scutellaria lateriflora	
"23b00f47-0d20-449a-8ead-c46ebfeaf1de"	Rubus argutus	
"23b00f47-0d20-449a-8ead-c46ebfeaf1de"	Rubus praecox	
"23b00f47-0d20-449a-8ead-c46ebfeaf1de"	Rubus ulmifolius	
"23c31e10-660d-482e-bea5-9c3419685175"	Juglans regia	English Walnut
"23e27009-0c6c-45bb-9d9e-a42f3ecbbed9"	Thelypteris kunthii	
"23f2b35a-a1da-495b-a8d5-75cfb0cf5bd8"	Anabasis aretioides	
"2408665d-1d48-46dd-b1bf-90d6e9c03b97"	Lilium candidum	
"24924086-3390-45c5-8dc4-e1a0572cc0ea"	Lyonia lucida	
"24935aa0-446b-4f6d-9721-02ba128d02e1"	Alchornea hirtella	
"24b8a018-22bc-4f65-95c3-dfc8914048e4"	Ulmus americana	
"254517cd-9edf-46d8-9e17-1a087de3fd65"	Helianthemum rosmarinifolium	
"25503ac9-049c-4213-8b90-24f5d4f7d34a"	Scolymus hispanicus	
"25781843-38f0-46ba-92ee-3d694418c7e4"	Sideroxylon lanuginosum	
"259b3d20-a587-49bb-9bae-7999385b5e2a"	Dipsacus fullonum	
"25a72bde-1c8f-40cd-82d6-cfececa5b027"	Lachnanthes caroliniana	
"25f01566-d005-484b-aaff-bc78b95591d8"	Daucus carota	Carrot
"25fd2586-3a56-4d98-b8a3-cea843a5caa8"	Caulophyllum thalictroides	Blue Cohosh
"264ae457-abb3-4081-858a-2b26998dcf9d"	Cubitermes ugandensis	
"264ae457-abb3-4081-858a-2b26998dcf9d"	Drypetes ugandensis	
"264ae457-abb3-4081-858a-2b26998dcf9d"	Warburgia ugandensis	
"267fe5c7-4759-4f2e-8262-c65151959aba"	Eriogonum tomentosum	
"26a396b5-3dcc-4e2d-974f-ab85e725b45f"	Saponaria officinalis	
"26f59892-f565-4c26-b460-564f0852691b"	Sambucus canadensis	
"273bb8cb-5fca-48c6-b4e4-40d0203427b6"	Teucrium fruticans	
"27502409-b383-47bf-b6f0-33d389e745c0"	Brassica juncea	
"27642c22-b551-46dd-a8b6-9aa7aa965ad5"	Solanum aculeastrum	
"27cdde29-a7c3-4c32-8ea1-7e1c3e89a075"	Limbarda crithmoides	
"285aa76c-0683-473e-bfbe-7adf8127ed28"	Matricaria chamomilla	Chamomile (not specified)
"287f3b07-75a9-4f99-b62b-3752edf0f8c2"	Sida spinosa	
"296877c7-2b9e-4f6b-ac64-707af1ea980e"	Sassafras albidum	
"2968c8a0-5c41-4804-a083-f63747821c14"	Rumex hastatulus	
"2a18d3d6-d49f-4df2-a319-92dc8bdb7986"	Juniperus virginiana	
"2a652ee7-f8b8-4b9d-b243-a3a851460209"	Echium italicum	
"2ae674e2-7c60-4b14-bf33-2c4a0d9930cf"	Hylodesmum repandum	
"2af05fbe-6a75-4766-9748-9def4212ac1b"	Nuphar lutea	
"2affb048-6389-4e89-b593-83149b2ee4be"	Apium graveolens	
"2b2245fa-b20f-43c5-8886-94151c07568f"	Conyza canadensis	
"2b229c64-cc4f-43f7-80e8-64a8a592144d"	Thapsia garganica	
"2b918491-68c4-41b3-aed5-922c3063ae7f"	Sonchus oleraceus	
"2bf167b0-74e8-4aae-8d33-249200fb9fc1"	Quercus virginiana	
"2bf83ef4-cc36-4ba0-89db-5f1faa99ab9f"	Alcea rosea	
"2c04295c-6848-473e-ae16-57789163e23b"	Plantago virginica	
"2c0fe186-cee2-4a37-84e5-2975e77f974a"	Morus rubra	
"2ca521c4-5d8f-4f20-a0b6-8ddd67f4e9bc"	Mammea americana	
"2cc5ef43-0d20-43e5-ace3-62b6f38e24fc"	Vicia sativa	
"2cd3dca1-111d-4b12-8ddb-7f6748035af0"	Origanum majorana	Sweet Marjoram
"2cfbc698-7190-46a6-a7ff-39f81f9f9203"	Emilia sonchifolia	
"2cfc11aa-1528-4d9c-b392-041988b14347"	Quercus nigra	
"2d367951-d0a2-461d-bb18-fa07adf1bd5a"	Eriodictyon californicum	
"2db2cbfa-9495-48db-b9ba-da2e9658d04e"	Geranium columbinum	
"2e16a338-a2d2-449a-be80-9823c8a99ede"	Mentha pulegium	
"2e2f1bdc-de80-45e6-adf6-cd066a0bd84d"	Melia azedarach	
"2e3571e6-04b2-49d0-8a20-3eb46bb79d3f"	Reynoutria multiflora	
"2ed64fe9-6fe0-4adf-b5c9-22401fe8c297"	Hapalopilus rutilans	
"2ee58da8-2588-4f83-8185-820036573962"	Cuphea carthagenensis	
"2ef6c3ea-b029-478d-9053-f0c4a0d9c7bb"	Centaurium erythraea	Centaury
"2f00e021-a109-40d1-bf86-43b69127d5f4"	Centaurium erythraea	Centaury
"2f19da00-6e3c-4563-b4b4-b87c27e51489"	Euphorbia antisyphilitica	Candelilla
"2f85be14-c057-43b8-a21e-ca915d2992d5"	Leonurus cardiaca	
"2fb1382d-ed28-42a0-8d03-31f5d312a336"	Chelidonium majus	
"2fe86068-7a46-4e5f-90a1-51cb6bb02738"	Taraxacum officinale	Dandelion
"301348bc-b507-4f36-bf92-d3de62be5d58"	Aesculus hippocastanum	Horse Chestnut
"302d6b06-6f48-453e-97d4-e59246e3eca2"	Ptelea trifoliata	
"308eb5ff-2ee9-481b-a23a-c8e4e924757f"	Typha domingensis	
"30a3152c-2927-4692-8368-a57105ba78de"	Cercis canadensis	
"3137486b-4740-4dda-aa5a-e8a6b808ce94"	Symphytum officinale	
"31bbe883-6052-4014-9a0e-b6f76a062714"	Jacobaea maritima	
"326a8614-5498-47b1-b1ac-76a54f71d496"	Daphne oleoides	
"32a656f5-b1a8-4525-8653-4b016c10ba4c"	Equisetum hyemale	Horsetail
"32ff7f73-9229-494a-b7f6-4a4a6788de10"	Thymelaea tartonraira	
"33360c7c-77eb-4fba-95d1-2bb41fd90dc9"	Centaurea benedicta	
"3347cc3f-fac6-4a3c-945d-f0bd68dd3c46"	Matricaria chamomilla	Chamomile (not specified)
"3388dac1-270c-42a5-8fae-bedd454eddec"	Prunus persica	Peach
"33dbcf49-fb10-4524-9972-737e91630cde"	Amomum tsao	
"340e70c5-4426-43ba-b88f-e257287e0b39"	Symphytum officinale	
"3415f90d-085e-4ed7-98e1-4454ad845eb2"	Solidago altissima	
"34208628-28e0-45e6-8235-baa742c4b1d9"	Tanacetum parthenium	Feverfew
"34dc5881-e157-4b2a-96ae-5f524b4ea00e"	Ballota nigra	
"352e7be6-d6bc-4844-a9cb-847e7a6cb7db"	Fuscoporia torulosa	
"3604b8cb-5c31-4d1a-a67b-f439008ebb99"	Vitis aestivalis	
"360eeec5-8e20-4a0c-a0f4-f8288119052c"	Crataegus aestivalis	
"364ed0be-2992-4e6a-8208-f4495c75f221"	Arundo donax	
"36921e7a-7742-4f06-b02e-84e27d05333b"	Pistacia lentiscus	
"36985d56-018c-475d-8da4-ff7e8dd7d8b9"	Reynoutria multiflora	
"36a6a537-49e3-444a-9446-326709ad4038"	Castanea hybrid	
"36a6a537-49e3-444a-9446-326709ad4038"	Castanea neglecta	
"36a6a537-49e3-444a-9446-326709ad4038"	Castanea ozarkensis	
"36df0aa2-0a4d-48bb-9cfe-d4ddee2a5116"	Asclepias incarnata	
"36dfffa1-7ced-4151-b67e-19997956988e"	Gentiana tianschanica	
"37575885-7d5f-46a0-9565-d36627e70589"	Jatropha curcas	
"37c0441c-9ebc-4097-b93c-2e614d23a76a"	Fomitopsis pinicola	
"37e961d8-d4e4-431e-a480-ba81870a29f4"	Cola nitida	cola nut
"383801d1-d90f-4ea8-9569-600d31ba3ec9"	Securidaca longipedunculata	
"38d4a97b-2754-4e03-a16c-a63cfa811adb"	Carya alba	
"38d5b1fb-d89a-4c26-9c3d-df20daaf5b67"	Rheum australe	
"38f243fd-60cf-47b5-a104-15b04f240c24"	Levisticum officinale	
"39371eb3-33b1-4b22-a160-41d5c4b4343f"	Nectandra coriacea	
"39573c66-a09d-4cb4-9714-7fe956d8c192"	Tordylium apulum	
"3a392d4c-f67e-4cbb-a0cc-1107696c2182"	Quercus nigra	
"3a78cc3a-dc64-4d8b-b360-a2ce29990f2a"	Dalea pinnata	
"3a8100d6-a3fd-4f3b-a1a4-56899289ce43"	Astragalus propinquus	
"3adee85c-cc6e-4fe9-9973-68ad4f7f08d2"	Salvia sclarea	
"3ae585db-e526-442e-9fe0-a4ef5b65e4af"	Delonix regia	
"3b0c26a2-9594-4791-98a4-a6a209eb8961"	Dioscorea villosa	Wild Yam
"3b806dba-1b09-4f0d-8330-b795e78e190d"	Agrimonia eupatoria	
"3caa6ced-0735-4711-8b89-13cee8c406e3"	Cladonia leporina	
"3cfd54ab-0cf4-487d-a021-6b09259bca52"	Cinnamomum cassia	Cinnamon
"3d018166-1b24-48ad-9a9e-924dd4b3d663"	Thymelaea microphylla	
"3d2fc6e4-99f9-40e9-8e8f-3dafa045b625"	Robinia pseudoacacia	Robinia Pseudoacacia
"3d6ad284-1158-45aa-a64e-9ad30d28ef7f"	Berberis vulgaris	
"3d83c944-ac06-429c-aa38-02bc2175fffb"	Oenothera fruticosa	
"3dc8dc04-2777-4707-98fa-6008dabf47f8"	Mentha pulegium	
"3e1bf0d1-2af3-44d6-a7cc-e14ce8715cd7"	Quassia amara	Quassia
"3e4764af-674d-4137-abb3-78453dd4914a"	Sabal minor	
"3eebf9b7-3db9-4fdc-9b5b-921e9537b814"	Stachys ehrenbergii	
"3eebf9b7-3db9-4fdc-9b5b-921e9537b814"	Stachys floridana	
"3eebf9b7-3db9-4fdc-9b5b-921e9537b814"	Stachys germanica	
"3eebf9b7-3db9-4fdc-9b5b-921e9537b814"	Stachys tymphaea	
"3eefa2e7-a4a9-4218-a012-907d038be011"	Asphodelus microcarpus	
"3fc7fa52-3932-4f86-a360-28a6178a6ab0"	Rosa sp	
"4005c837-e012-40eb-b32f-3d6638196b35"	Cistus creticus	
"403c67ad-3dc6-47d9-a314-9c10d03c349b"	Salvia sclarea	
"404e16ee-0490-4d9d-a795-d981b54857b8"	Rubus allegheniensis	
"407393a2-c71e-4ee2-82c8-ec17c6e36be0"	Aralia racemosa	Spikenard
"416a0bbe-3fff-4afc-b997-7784eb157ca5"	Scirpus cyperinus	
"42625f79-53c0-4d8a-852c-ef2ed54e044a"	Delphinium fissum	
"42b24f6c-5b5c-4db6-ace9-fdbdad3529cc"	Andropogon virginicus	
"42b6ddd2-3be1-425c-a51c-cff171106aae"	Phyllanthus amarus	
"43000741-f28d-47fb-8e77-f11cbedfa56f"	Cassine buchananii	
"43285dc1-1bc6-4b2b-80b0-86c164bc3ee4"	Crassocephalum vitellinum	
"43981d78-1e9a-4b5d-9978-cf56ba38479a"	Prunella vulgaris	
"439d3f7b-a64e-49a3-a78c-a35a267afa55"	Erodium malacoides	
"44133fd2-052c-4934-8e01-1dcc31e25723"	Spartium junceum	
"4495dd37-943e-434d-bf30-ea9172d543c8"	Cannabis sativa	Hemp extract
"44ba07ab-78c0-418e-93a8-7f90b7d8afdc"	Pistia stratiotes	
"44c63588-d77d-4642-8790-571064dabdc9"	Hamamelis virginiana	
"44ebba01-9033-48c2-b953-83e948f5f67b"	Ruellia caroliniensis	
"452a49db-a876-40b9-85f6-50b200b3234c"	Arum italicum	
"452b1c2b-e5db-4e7f-a89f-94283ad17551"	Mentha spicata	Spearmint
"453c61ac-f08a-4589-b33c-72255145b435"	Rosa damascena	
"45a4fd8f-7248-4425-af14-4163bdc14899"	Smilax glauca	
"45c62df4-b011-4a7a-8b3a-5cdffde82ada"	Cistus creticus	
"464f97f6-32af-4708-9774-a976e311c5c1"	Lycium barbarum	
"465104ea-333d-4f94-9273-8af1b76d6da7"	Swertia petiolata	
"470faf8b-f01d-4f96-88f7-b7aeec552257"	Vauquelinia californica	
"4710ad88-9eec-49eb-9ee2-42ca857685df"	Rinorea beniensis	
"4714e65f-e88e-450a-b7f3-0f1ce67f79dc"	Petroselinum crispum	Parsley
"47438d65-0a01-42b7-9ed1-8a68a9455216"	Sassafras albidum	
"47a33aa0-79b2-4fae-8a5f-d179b2cad8ec"	Combretum molle	
"47e3ac84-41a4-4702-aac8-bb31a49a73c3"	Tephrosia virginiana	
"4816048f-7fa3-40a7-9dbf-5dc81c787826"	Conyza canadensis	
"482a1abb-c8a5-4fbe-b12f-3bb0b68bd4b6"	Atractylodes macrocephala	
"4843b945-94eb-4362-bb98-aeffb5e1c259"	Rubus ursinus	
"48c9e87c-4a42-4806-93a6-bfeaac921d3b"	Galium aparine	
"4954d62d-011e-4a0c-a927-f05bc231c903"	Emilia sonchifolia	
"4970c3f6-62a4-4374-856c-03a20cc08401"	Viburnum opulus	Cramp Bark
"499d2af5-2614-403b-83c6-19bc72a1f5b9"	Daucus carota	Carrot
"49b010ed-7ad8-48e6-8dd6-9e5e8a3a49eb"	Pyrus pashia	
"49de8dc1-784f-41e9-9912-462acde67a2e"	Cinnamomum cassia	Cinnamon
"49fc59b9-f44f-4817-a7f4-9f0ae630a694"	Melilotus albus	
"4abf558a-b898-4edf-adfe-67951fb7eaff"	Pseudarthria hookeri	
"4aecb8a0-39b7-4aad-9f6d-2821ab264c8f"	Echinacea angustifolia	Echinacea angustifolia
"4b250073-d8a7-4167-bea6-35f445a54e86"	Gentiana tianschanica	
"4b79ea1c-5133-4e33-91f5-1c3fa8254b75"	Nuphar lutea	
"4bb9b6a0-e390-4ad7-8ded-1617369310a3"	Mikania scandens	
"4bf7b121-6997-4ed4-8d6c-56a155afdb1f"	Piper methysticum	
"4c186fc8-2f2e-417a-92ba-80e4ad0a2775"	Quercus incana	
"4cc976fb-7324-4c65-b251-5b9d74131cd6"	Gnaphalium purpureum	
"4cca5518-b871-4433-8fe0-56d821e44321"	Aframomum mildbraedii	
"4cd6c974-ca6d-4a0f-8b71-3ce04c118cf3"	Berberis aquifolium	
"4d4626b3-c819-4fe0-9d6b-220bd3a70c05"	Alocasia macrorrhizos	
"4d815647-9995-42dc-a392-6f0c81e93c68"	Abies borisii	
"4d815647-9995-42dc-a392-6f0c81e93c68"	Pinus peuce	
"4e4cfcbe-4eee-4d9c-ae4a-37f711a44146"	Cola nitida	cola nut
"4e71e280-ab3a-4290-9c13-4e828eb17efc"	Vaccinium stamineum	
"4ef61e75-4a85-48c7-bdc2-17edbd2fa5f6"	Robinia pseudoacacia	Robinia Pseudoacacia
"4f0061b9-bdee-48c4-b181-0e2f721288ea"	Wisteria sinensis	
"4f706d35-d01a-4799-a878-273d7b0f09e8"	Solanum anguivi	
"4f706d35-d01a-4799-a878-273d7b0f09e8"	Solanum viarum	
"5003576d-7ae4-4a84-a6ea-34fc3a8c21f2"	Chelidonium majus	
"503c1e90-1497-4422-8619-3a78d64f1c6e"	Ardisia crenata	
"506a719e-c3b8-4591-9e21-4b613ec9d1c6"	Limbarda crithmoides	
"5162e459-1ae6-435b-968a-458605feea9f"	Urtica dioica	
"5181a2b3-47fe-4b5d-8b42-bd16fbe75869"	Solanum linnaeanum	
"5184b659-b4d2-4cf4-83bc-ebcc7a2626c4"	Salvia pratensis	
"51aff2af-2caf-4666-9446-db695fc07322"	Castanea henryi	
"521ad451-742c-4418-915c-4899f2611283"	Corydalis diphylla	
"5326fa62-da22-477d-a05c-f04341a606c6"	Satureja montana	
"53555314-0e72-423f-8cfd-6952c53669c9"	Amorpha fruticosa	
"53ada09b-f8e4-4cb2-a3a6-6444e7ed9489"	Saponaria officinalis	
"53e317f4-bc6d-4d03-8aa2-2a3ac7a1a3c8"	Toddalia asiatica	
"542bdf6a-f4d5-4883-a3c9-36ff2e3879c8"	Liquidambar styraciflua	
"5450f384-f29b-4e67-99f0-281f842721cc"	Capparis spinosa	
"547d590b-7984-48fa-a48d-9294b49fb944"	Coptis chinensis	Coptis
"54a3d5cc-9093-46ec-afe9-91ec9d1b4837"	Pinus mugo	
"54f2fa50-55a7-4fbc-ac44-f0c0ae557daf"	Marrubium vulgare	Horehound
"5510d1a6-efa4-4618-8d74-2dcad29d70e1"	Pontederia cordata	
"559bc842-bc11-47cb-b6db-17cfa6f6c0d3"	Brassica oleracea	Kale
"55c9518d-c1cc-479d-9183-0860b878eca2"	Ilex opaca	
"55e910de-1c36-4334-83c5-c366c4cd6bda"	Eleutherococcus senticosus	
"56019be3-b9ed-429b-8086-1cc71a3d44bc"	Mentha pulegium	
"56345122-4ed4-49c3-b179-a59fd0d9f558"	Castanea hybrid	
"56345122-4ed4-49c3-b179-a59fd0d9f558"	Castanea neglecta	
"56345122-4ed4-49c3-b179-a59fd0d9f558"	Castanea ozarkensis	
"5671f75e-26d2-408c-8e31-68ec01078570"	Lepidium virginicum	
"5679f659-4663-4e3c-ae2d-36021d4045e6"	Salvia verbenaca	
"56cd953b-520e-4f51-9eec-e33af0256dbd"	Thymelaea hirsuta	
"56de3836-bb36-4427-92b5-2a88aa65d00f"	Aristolochia baetica	
"56f5952e-01b7-48df-b008-ea2c66697ddc"	Rosa damascena	
"570774a7-a1d7-4ace-b6c3-b2556b17078c"	Delonix regia	
"577f9bdd-a34f-407e-800a-a994e69cb479"	Hamamelis virginiana	
"57a2844e-8830-457b-b485-6e2f561639b9"	Hyptis verticillata	
"57c5bce7-55e9-4a65-b610-7f4d8bd30b75"	Hesperaloe parviflora	
"57cf1a99-3a38-4ddf-82a9-7394c314cf39"	Ambrosia artemisiifolia	Ragweed
"57fb6c80-7096-46fc-b224-8f07c208e926"	Prunus persica	Peach
"580a5448-386a-4bd4-8237-b17de23e2348"	Bidens mitis	
"5860c53f-b1cd-4ef7-befe-ce61778e12c8"	Pinus mugo	
"58f29d12-4b9c-4e0e-9ab4-4edf0e492601"	Rosmarinus officinalis	
"596d53e9-2e92-4b47-9fb4-06b5e4b7fc12"	Cinnamomum cassia	Cinnamon
"5a26b9f9-0f16-4add-944c-6d068d18b740"	Trigonella foenum	Fenugreek
"5a5b080f-2968-49f8-9dc8-32b4da05b632"	Cerinthe major	
"5a82203d-2ab3-44ee-aeba-42fb9f8c5f30"	Plantago aristata	
"5abcdc70-9d19-4ef5-856e-3a273c1d9329"	Azadirachta indica	
"5b0cf29d-f759-423e-b8d5-212bae9aa7a5"	Garcinia gummi	Garcinia
"5b184238-11f4-440d-845b-3d510f51b0a7"	Thunbergia fragrans	
"5b3f0dfe-41e1-41f0-befc-06daceb79e64"	Porodaedalea pini	
"5b6698fb-f0a9-42da-9640-3eee04fea989"	Galega officinalis	Goat's rue
"5b71c814-c448-4d37-a6a9-9e6089f29d14"	Taraxacum officinale	Dandelion
"5ba23152-b2cf-4480-b55f-fb4d9d7a1823"	Coleus forskholii	Coleus
"5bb78b1a-0253-449d-9148-0a5e855cd1b7"	Verbascum thapsus	
"5bd66f98-9c28-408d-bc62-af08f48865bc"	Prunus angustifolia	
"5beb1a00-6cb6-47dd-9183-013eb07618d9"	Rubus laciniatus	
"5c4f3759-8708-468a-a0bc-19e8ed66dd91"	Tilia × europaea L.	
"5c6377dc-9b43-4fdb-becd-35df935f851a"	Diospyros virginiana	Persimmon
"5c67cd85-659b-4c2c-a8ad-80012c1af6da"	Rubus flagellaris	
"5c97b139-1ac7-4245-adbb-ac8cd63d6d48"	Carpinus caroliniana	
"5ddb5977-7490-46b3-b1f6-3b4b529930ed"	Smilax bona	
"5e304a45-c3ec-4c57-99f8-97e89af3618b"	Morella kandtiana	
"5ea3ea9f-3f9c-49c4-a116-8119144b8e67"	Crataegus laevigata	
"5f11cc31-5bb0-4725-a4cd-5cfd3c7f9549"	Achillea millefolium	
"5f581f54-4109-4e1d-b361-b775bd0c3dbe"	Tillandsia fasciculata	
"5f581f54-4109-4e1d-b361-b775bd0c3dbe"	Tillandsia setacea	
"5f8abc00-a6e3-4066-b85f-68cb5ecb8829"	Coriandrum sativum	
"5f8bb458-cbf5-402e-8ce2-616ffe79d16d"	Rubus cuneifolius	
"5f8dff44-31db-4e49-ab9b-9c99b44b9da0"	Juncus effusus	
"5fa82731-304e-4317-bea3-c9d03ab6c1d6"	Filipendula ulmaria	
"5fb4df6d-61f4-42bf-b464-a020d39a078b"	Fucus vesiculosus	Bladderwrack
"5fb52c53-5a6c-496f-8a2f-4409b6269f52"	Cordyceps militaris	
"5fd12781-24d6-4ea5-949c-4302fbcc364d"	Filipendula ulmaria	
"6003bea9-2066-46a7-afc2-4613680bbc07"	Achillea millefolium	
"603cbcc4-1e2f-449a-94e2-5bb689ac108c"	Fagus grandifolia	
"60717336-4c43-4f6d-8b08-36aa288f4811"	Prangos asperula	
"60866e51-0dd0-4c35-a70a-c154941b5962"	Hyptis verticillata	
"619e59de-03e6-4893-9cfc-95b0363b2c8b"	Schisandra chinensis	
"6217b582-a0c6-4d5e-bc35-57ad6c1461ae"	Eleutherococcus senticosus	
"6250f022-72ae-4b85-a4af-9592b4253b84"	Galium bermudense	
"629b6864-7193-46af-b506-b32c61f8404f"	Serenoa repens	Saw Palmetto
"632ff992-f663-4a2a-8c1e-b6880d95c290"	Digitaria cognata	
"638e28f6-f367-49c1-87c1-41c9abc34545"	Lilium candidum	
"639bbcbd-2954-4e73-94da-87f9bd0e7d96"	Echium italicum	
"63bb7af8-a0c4-453c-adbb-1355f340abbc"	Tanacetum parthenium	Feverfew
"63c06dca-c0db-4fb6-8a9a-9e3c756172e9"	Prunella vulgaris	
"63f04ade-7c5f-4cc6-88c8-cffc94237510"	Daedalea quercina	
"63f694be-b70f-4109-9586-88051e853c77"	Dioscorea praehensilis	
"64d21c89-ad7e-4ed6-9c4b-17d5170529f2"	Dipsacus fullonum	
"65127ee0-6828-4d9c-b5de-2e752df51a22"	Aloe vera	Aloe vera
"6543a2fb-7eaa-4dcd-bd4d-01f5eb50219b"	Origanum majorana	Sweet Marjoram
"65650a08-866a-4361-8a62-930a96b8a296"	Bacopa monnieri	
"65b5f249-07e9-4686-92a9-233a4e25c3b9"	Pistacia lentiscus	
"664b2f1f-88d9-405b-b4a6-1bc9b65d2be7"	Melilotus albus	
"66690655-f406-4d67-96e3-2066aafee8d5"	Hydrastis canadensis	Goldenseal
"66a6f108-73fc-4034-8364-dda72d1a6c74"	Stachys officinalis	
"66e2a5df-43f1-4daa-a6d0-5ece65e30869"	Urtica dioica	
"67b4178f-fb6d-4e26-9d07-c61cdcb12997"	Cladonia leporina	
"67c1d5cf-6bca-4498-9d1a-40a42b25cf37"	Origanum syriacum	
"67d11283-529f-468c-a9fa-6cbabae0e71b"	Rivina humilis	
"67fd0735-4963-4c82-a199-a309502a726d"	Pinus heldreichii	
"68011f7b-248c-4a70-90bd-5a6df6c147f6"	Piper nigrum	Black pepper
"681d5eee-ada6-459c-8c73-c7fc0ecce80c"	Ranunculus acris	
"6829af9c-3c52-4651-954f-6b249ca701f8"	Bryophyllum fedtschenkoi	
"684de772-cc7f-4e28-8bf8-bd573ae3f80c"	Garcinia gummi	Garcinia
"68a560b4-a4e9-46f5-b23e-4d8ec0e82398"	Petroselinum crispum	Parsley
"69222745-6d41-4236-852d-bf2715bc5cef"	Crataegus aestivalis	
"69900efe-9616-409a-acbb-0bbcb0d3a1d5"	Eruca vesicaria	
"69b53745-2900-4eef-954f-6ece83b77556"	Brassica oleracea	Kale
"6a330aba-bfe8-4277-9bd0-78149cf20f1b"	Ilex opaca	
"6a6aab20-9fba-4f5b-8aaf-1fed951da533"	Piptoporus betulinus	
"6ac9ceff-0dc5-4b76-a837-99113b023309"	Cistus creticus	
"6b357cf0-29f5-40aa-bfa3-1f839a456e7f"	Urtica dioica	
"6b7c33ed-016e-43f3-8d7e-a195dba9310d"	Albizia coriaria	
"6b7e9e17-e66a-4d1f-9314-7ccb06452e20"	Achillea millefolium	
"6b95daf9-776f-4bce-9e99-017f986ca2ff"	Melia azedarach	
"6ba2ce09-6875-4af0-8243-5c7497ecf47c"	Hypericum perforatum	St. John's Wort
"6ba5522c-f283-4c5a-902b-87dd2a06df74"	Vitex agnus	
"6c52b497-d381-40ca-a7d8-5606be44479a"	Solanum anguivi	
"6c52b497-d381-40ca-a7d8-5606be44479a"	Solanum viarum	
"6c7c2e47-0e9f-4ca5-87fb-bbdeadc2f11f"	Schisandra chinensis	
"6d1d7cd6-ff81-41d8-ad19-0d06fed4ed9b"	Berberis aristata	Barberry
"6da37793-eb95-4506-a0c9-65e2923f664e"	Tephrosia virginiana	
"6e4772f4-c867-436f-bb86-28822a45a61b"	Limbarda crithmoides	
"6e5f24b5-060c-4ea7-91be-a4b3a41af831"	Eriodictyon californicum	
"6f16f698-7143-4443-bbb1-0e8c2b123c44"	Alpinia officinarum	Lesser Galangal
"6f3bf393-5f69-4747-b6de-c4a3d38f58a4"	Ruta chalepensis	
"6f59a16b-085d-4801-bb91-22623202781d"	Opuntia humifusa	
"6f7a46f0-6ce6-4ffc-8e11-708c570d5a57"	Tilia × europaea L.	
"6f942577-5b9b-40ec-a07a-d88ece781f6e"	Juniperus virginiana	
"6fc9bb0d-5d41-413c-a69b-463df740a360"	Rhus copallinum	
"6fe09a72-279c-4a45-9c51-40dc34b19281"	Helenium amarum	
"6fed402c-3bb4-45d9-8ba4-4acc51202896"	Citrus sinensis	
"70ac0b77-9e3c-4ffc-b04e-d8ec3721a949"	Aralia racemosa	Spikenard
"7146213d-0a37-45a6-8ed8-b490d401a82b"	Galium verum	
"714bf2cd-f5c3-4c47-96bb-ec9994a197d9"	Arthrocnemum macrostachyum	
"715e7264-d635-4dd3-8586-3fb7233fe435"	Rosa sp	
"7175f7c2-6b96-4d2b-bc59-0ee1f9e8d5d2"	Diospyros virginiana	Persimmon
"7183575c-a68d-4770-b742-0fa0f31ca891"	Lepidium draba	
"71d01d7b-e09d-4afb-aa50-6ccb5ca5826b"	Pinus mugo	
"72297bef-e018-4c73-ada8-20b09860d91c"	Asimina angustifolia	
"72297bef-e018-4c73-ada8-20b09860d91c"	Asimina incana	
"72297bef-e018-4c73-ada8-20b09860d91c"	Asimina parviflora	
"722d2e46-7e4b-4216-a5c0-37e2ac69f23e"	Digitalis ferruginea	
"7231f2d9-b527-448d-ae54-583bc4a47469"	Juniperus communis	
"723219f3-83a9-4a09-9358-400a12ba3c3c"	Daucus carota	Carrot
"724e07c2-40fd-462b-b77b-b183122dc502"	Melia azedarach	
"729108e5-fa39-445c-9314-a64fade97270"	Eupatorium fortunei	
"73c6c7bd-6f17-454b-8df7-2a17e95ebc8a"	Paronychia argentea	
"741929e6-57e7-4429-9fb5-74cc7eebd481"	Eschscholzia californica	California Poppy
"745f17db-5290-4d3d-8874-df0fd007586b"	Rosa sp	
"74838470-ce1d-4404-9379-b5822227abd5"	Agrimonia eupatoria	
"748567f9-8693-4b8e-b693-fdf6e7c77a3a"	Cordia curassavica	
"74c161fe-50c7-4d8b-9f75-7fef48f33fc0"	Bellardia trixago	
"74c4a6e6-4079-43e0-9873-72c2aebcaf36"	Fistulina hepatica	
"74d8e55b-83f8-43f6-97e7-98b3a53ad5aa"	Glycyrrhiza uralensis	Licorice
"75234a35-6e4e-490d-bd97-3d192ee1a9a0"	Euphorbia cyathophora	
"754f85ac-be2a-437c-b6b4-aa3075e0245b"	Pyrostegia venusta	
"756ba4d9-b41e-40e6-aa17-eb3bb4080d70"	Cuminum cyminum	Cumin
"75b463b4-5685-4409-9331-93761e88b2e0"	Ficus saussureana	
"7638d099-5cfd-474d-8fed-bcdcfca87658"	Harungana madagascariensis	
"76572c73-59e8-4e60-bc50-a2fe610c5c88"	Atriplex portulacoides	
"7714c054-d4e6-4e6d-982f-132dbb77815e"	Vitex agnus	
"7793899c-ab7c-49e2-90e6-4df14359e73f"	Daucus carota	Carrot
"77a0198e-7316-49d8-bc8a-12cbbfd41763"	Salix nigra	
"77c0752e-2c3b-43cd-aa6e-b73021cb3e38"	Beta vulgaris	Beet root
"77cc0d89-b8b4-4893-bbdf-a2d596500c46"	Coleus forskholii	Coleus
"77d42577-6ae9-4348-96fd-47c1c26f85dd"	Plantago virginica	
"77dcc86f-3c26-45ba-af7a-ffb6b64893a2"	Vicia sativa	
"78b64582-0379-40de-bd2d-37b6231a2d6d"	Rheum palmatum	
"78c2e6a4-3c84-45d9-88b0-40b90feaf767"	Capparis spinosa	
"794ef40a-57a2-4e07-ad66-8e71f093edc8"	Cnidoscolus urens	
"7957dbc6-b3ab-49b0-98ed-71d119514e6f"	Cuminum cyminum	Cumin
"79869245-5cbc-4871-b176-67d2ae39d3c9"	Amomum tsao	
"79af94a9-6af3-4080-9895-6c14c1f8cc52"	Myrtus communis	
"7a1020be-35cf-457b-ad04-bd32da92f962"	Cicer incisum	
"7a1020be-35cf-457b-ad04-bd32da92f962"	Notopterygium incisum	
"7aa1c27b-8a6f-4606-9d9b-a6c4847d6899"	Cinnamomum verum	Cinnamon
"7aae2902-13d3-497d-945a-76a7d8e18873"	Juncus articulatus	
"7ab93255-502b-46df-b110-6222b12581f5"	Handroanthus heptaphyllus	
"7b09e0c6-3066-4490-b5aa-9229b2b61c29"	Epimedium grandif	Horny goat weed
"7b09e0c6-3066-4490-b5aa-9229b2b61c29"	Epimedium orum	Horny goat weed
"7b21a675-6aa7-4cee-85a2-33cbd3f3f10a"	Magnolia grandiflora	Magnolia
"7b63250c-1699-4656-89af-9f69047c4354"	Quercus inopina	
"7b63250c-1699-4656-89af-9f69047c4354"	Quercus laevis	
"7b63250c-1699-4656-89af-9f69047c4354"	Quercus margaretta	
"7b634f16-71ee-40d1-b325-3d4c44d1e32e"	Fumaria officinalis	
"7b77bf63-8cf5-4543-b6dc-bf55786bede7"	Acer floridanum	
"7c054d8f-9a41-44bf-ae8f-00f541e4e406"	Trigonella foenum	Fenugreek
"7cb90861-55a1-45a6-a0be-f742774ee71d"	Persicaria punctata	
"7d1c6cf2-4172-4861-9bc6-b7b3a2c53cb1"	Porodaedalea pini	
"7d6af84a-578d-4ed3-a934-9d765475251e"	Foeniculum vulgare	
"7dc07c6c-ec49-45f1-b673-18e3f314429a"	Morella salicifolia	
"7e360377-e2e4-4087-b47c-8fee87418ce9"	Zanthoxylum chalybeum	
"7e3b39f7-8aae-45a6-a054-f7bd8015c4fe"	Salix × fragilis L.	
"7e6731f7-d2b5-4011-bb39-4c49f06bc382"	Commelina benghalensis	
"7e84e998-2933-4e4f-95e4-9d5fec322bb2"	Raphanus raphanistrum	
"7e8c4eb9-2068-4155-8ef6-78adafda62ab"	Cinnamomum cassia	Cinnamon
"7eee66e3-870a-4607-b036-b4f3570ac43a"	Achillea millefolium	
"7f588ebd-6865-4547-b301-540379b4a627"	Levisticum officinale	
"7f6b1f57-044e-4708-bacc-e4c12b7d4502"	Myrtus communis	
"7ff74e8f-8945-4700-be8a-2ebc6f7da085"	Maesa lanceolata	
"80b925aa-b275-4307-9980-d9317b524886"	Vauquelinia californica	
"80d47ce8-352d-4c4d-8939-efb3e8a0c0ee"	Beta vulgaris	Beet root
"80eb7ad8-2389-41d3-8ce1-86e4e8a76889"	Lonicera implexa	
"810ad02b-f80a-483e-bc78-39b8b66615dc"	Tanacetum falconeri	
"814229c6-ab43-4dc6-8e7d-863a72ecf91d"	Smilax laurifolia	
"817d5a94-25b4-4aa2-8ce7-51436125df3b"	Satureja montana	
"81f33e78-c3c9-45a5-b220-61b601dc27b6"	Nymphaea odorata	
"82164fc5-02b1-482a-859b-5d3030053247"	Anthyllis vulneraria	
"823e848e-f8f7-47a5-945b-b52e3b6233fd"	Linaria vulgaris	
"824aa494-23b4-4c01-b246-2bf42a96485d"	Prunus spinosa	
"82f56dd6-897b-4b41-b3c7-e4ca074dcf05"	Stillingia sylvatica	Queen's Delight
"839ec0de-f59d-4da5-a63c-099995194cbc"	Ardisia crenata	
"83cd1685-9f4d-42c8-91a0-673e871beb7e"	Baptisia alba	
"840a1fa8-635e-4706-8cb6-6be14c2476f0"	Tanacetum parthenium	Feverfew
"842559f5-6530-497f-a1d6-a9acd29c036b"	Tussilago farfara	Coltsfoot
"84408fa3-1cce-4215-ac69-59e04c683dbc"	Matricaria chamomilla	Chamomile (not specified)
"84b91101-8779-49c7-aebe-7d945be50878"	Maclura tinctoria	
"8518802a-69f1-4971-a9c1-b4b8bc41b285"	Petroselinum crispum	Parsley
"852e9c60-681b-439e-a4f8-d05d8e5249ec"	Caulophyllum thalictroides	Blue Cohosh
"854147ce-3d5e-4f24-8254-aa460dfde316"	Carya illinoinensis	
"8552ffdf-ac06-4101-a2a8-24a9076cde70"	Abies borisii	
"8552ffdf-ac06-4101-a2a8-24a9076cde70"	Pinus peuce	
"861fac54-4f20-4bd0-9ada-06846ebd08b0"	Neurolaena lobata	
"862704be-fbe3-4ffd-b6c2-29d7978d3f92"	Eschscholzia californica	California Poppy
"8666404a-d1bc-431a-83ca-88782783d5fd"	Herpothallon rubrocinctum	
"86d15a22-d3db-4030-9a4c-9ccbe393f738"	Allium cepa	onion
"870ebaa6-d86c-4ab0-b641-939f4d31b70f"	Euphorbia pubentissima	
"870ebaa6-d86c-4ab0-b641-939f4d31b70f"	Euphorbia segetalis	
"87152c08-29ad-427c-be9e-e9d873d631ed"	Smilax glauca	
"872f77e3-c642-4d11-80ee-3ad0107ea455"	Bontia daphnoides	
"874947bb-fdf5-4f3d-aef0-b1f5f92106f6"	Bupleurum chinense	
"876baec8-13c1-460c-9d3a-f6f0f35b746a"	Clinopodium nepeta	
"876bcaea-293c-4792-a55f-608ac858bcb8"	Diodella teres	
"878e4159-ed84-49d9-af85-d8de08b60baf"	Astragalus propinquus	
"879cb05a-81d8-4779-a63d-4869e0d54f45"	Solidago altissima	
"879cb05a-81d8-4779-a63d-4869e0d54f45"	Solidago canadensis	
"880d7892-32c1-4cfb-a3e8-bb74de840787"	Epimedium grandif	Horny goat weed
"880d7892-32c1-4cfb-a3e8-bb74de840787"	Epimedium orum	Horny goat weed
"88584ab6-ef3a-49fa-9379-45155f655158"	Berberis aquifolium	
"885e7c6d-732c-42df-924f-8b6d70da36c2"	Veronica chamaedrys	
"88cf1dff-6ec0-402e-a236-99481614e65c"	Gnaphalium purpureum	
"88d32d87-fc99-462c-9cfa-3512244a2a50"	Aneilema beniniense	
"88d32d87-fc99-462c-9cfa-3512244a2a50"	Aneilema nyasense	
"88fb3a09-9a8b-457a-8270-e4c58e3ca3f7"	Leopoldia comosa	
"89b3f47a-cdff-4029-94d4-469a32824b91"	Atractylodes macrocephala	
"89b9a3d5-c08b-4032-91d6-d1dd935bd5d6"	Hapalopilus rutilans	
"8a01c62d-8336-4891-b49a-67e6a62a7273"	Smilax rotundifolia	
"8b26180f-a9b4-4d6f-b034-d7b3a50b7470"	Ulmus minor	
"8b86510f-6c68-478e-bdeb-9d623e2f5e0c"	Smilax pumila	
"8ba8913f-8987-4f80-9ff8-e8a8dec81d17"	Galium bermudense	
"8bab4328-41e1-4c48-9b9a-ee747978b8ad"	Cinnamomum verum	Cinnamon
"8c198df8-a6c4-4f6c-aa67-40f516a5d4ea"	Zanthoxylum clava	
"8c1c8340-5ff7-4f8e-b92c-4067d981eb2c"	Erigeron strigosus	
"8c5766ca-11d9-41bd-90bc-b2d6bee7a194"	Erythrina herbacea	
"8d703921-45b2-477e-b603-1243446cd235"	Lycium barbarum	
"8df6d0e6-0471-4adf-a1e2-dff55eef109a"	Rubus flagellaris	
"8e36da28-82be-4a04-80cf-b88036f70f52"	Conyza ramosissima	
"8e52c1cf-d578-4ac2-8149-47809e135663"	Agathosma betulina	
"8e8b47e6-71fb-4b41-b2a9-c0b26af24aa4"	Hypericum perforatum	St. John's Wort
"8ea53e8b-af3e-47e3-ae64-64cdd3284cef"	Mikania scandens	
"8ecb7a39-b413-4fdf-be04-e576ba80fb05"	Spermacoce verticillata	
"8ede1743-8f7c-4305-a17f-d3799bcf5b8d"	Artemisia herba	
"8efdecb0-2a34-4bbd-b316-bbc31a168f57"	Plantago major	
"8f5aaa87-0a69-471a-ac7a-7e7e0c6cbcbd"	Solanum carolinense	
"8f7dac4b-1fc0-4f39-9ae1-9e97e60a822b"	Rheum palmatum	
"8fa0f8c7-c0e6-4a9c-898a-e1072f25a296"	Cicer incisum	
"8fa0f8c7-c0e6-4a9c-898a-e1072f25a296"	Notopterygium incisum	
"8fad99aa-b0c7-4e23-8bbe-486536e8ea62"	Geranium maculatum	
"9030fd3b-90f6-4636-991e-158779d4ef72"	Phillyrea latifolia	
"904d9605-15bb-49b6-a58c-bba2ba0dde06"	Pteridium aquilinum	
"909f6ca1-1a3c-4add-b57b-1f2d156eea2f"	Vitis rotundifolia	
"910b0ce8-f52a-45d0-b2e3-d24451fd11db"	Cephalanthus occidentalis	
"9130c07c-fee1-41fb-9fc8-c5d4443e60e4"	Solanum carolinense	
"91d378a2-1d01-4dd5-b9a6-686fa492328e"	Petroselinum crispum	Parsley
"922d6da0-ea8d-4629-acb8-0a5560f8568a"	Linum usitatissimum	Flax seed
"9259e39e-0e8e-4d29-9a2d-2194781513d7"	Sanguinaria canadensis	Bloodroot
"9348f629-77e0-4e65-a287-53a144463351"	Croton echioides	
"9352e0d8-39e6-4bd2-bf76-bc1fda46e277"	Arthrocnemum macrostachyum	
"936a2873-b894-481b-b98d-255b4f3a1da0"	Cuminum cyminum	Cumin
"938ccd05-4a5d-4b3d-8069-fdd6ed14f3e0"	Mentha spicata	Spearmint
"9394ab55-a3fb-4536-a842-87874679dc9a"	Phlomis herba	
"93cdf480-4c48-4c0b-8deb-d1b21b48c463"	Vicia cracca	
"93f5526d-05b1-425e-8af8-6c07c2902b28"	Salvia sclarea	
"941018ad-d209-4ba1-86a6-f1a4ca8bdc1f"	Ferula communis	
"942da7b9-9d9c-4d98-8172-5a6f0c9d145e"	Piper methysticum	
"9448495e-561a-449a-8ab9-5ba28d4dbe09"	Berberis aristata	Barberry
"94a3e331-0147-4fc8-8d48-17657b3217e4"	Phyllanthus amarus	
"94aeacf4-d60c-4803-a0fc-031ebe6d0fcc"	Rhus coriaria	
"94b47b38-b9fb-413f-9e85-0df49ed2b377"	Parthenocissus quinquefolia	
"95ff55e7-310d-415a-88e8-7c6376529024"	Lycopus americanus	
"960b14e9-ffb5-472c-9827-333bee88ae0b"	Asimina angustifolia	
"960b14e9-ffb5-472c-9827-333bee88ae0b"	Asimina incana	
"960b14e9-ffb5-472c-9827-333bee88ae0b"	Asimina parviflora	
"965aab63-218c-431e-ac76-2e901e6f7a26"	Citrullus ecirrhosus	
"965ab24b-5c68-49ba-8487-bf2c81c0cb13"	Yucca filamentosa	
"96770b27-69b5-4b1c-9e02-f6836e42f975"	Carya illinoinensis	
"96b14df1-9e96-4ba4-8940-575fe2b2ba35"	Lepidium	
"96d7e4ff-3435-4414-9a0e-8845492a28d4"	Cynometra alexandri	
"9757a766-adfc-44c2-a8f5-46ab4d90bd39"	Abies borisii	
"9757a766-adfc-44c2-a8f5-46ab4d90bd39"	Pinus peuce	
"975ef81d-651d-4d9e-b082-c54410196a05"	Hylotelephium telephioides	
"979f578a-a0ea-4658-9902-cdca3e101fc2"	Coreopsis major	
"984ec4cc-ae2c-8fa4-7899-8677430100bb"	Mentha spicata	Spearmint
"98980060-0978-4d0a-9979-1e797a2d93d9"	Magnolia grandiflora	Magnolia
"99269c8d-57d0-4a4d-9a8b-824e6733c210"	Trigonella foenum	Fenugreek
"99319db7-2ee5-47e6-ad60-6b2af3459e63"	Arundo donax	
"9961fec9-2b9c-415b-97f1-45f04cda04f7"	Hyssopus officinalis	
"9970746f-6673-4645-9610-06930f67240e"	Saururus cernuus	
"99c5b3a0-9d0b-49d2-b3fc-b0d023ce4c69"	Carya illinoinensis	
"99fd73f0-7c72-4e83-8d20-acc025fe930d"	Amaranthus spinosus	
"9a6c4b13-e181-462d-bcd4-d93d63ba2eef"	Echinacea purpurea	Echinacea purpurea
"9b6f3fb4-b8b8-4099-a21b-50a7a823b643"	Melissa officinalis	
"9b785dae-b590-4883-8ebb-709e8563f1b3"	Khaya anthotheca	
"9b7d0f11-98c4-4f88-9474-75edbf1f06db"	Verbascum thapsus	
"9bf8ab07-ad39-4b3f-a78a-d96800ab3280"	Erythrina abyssinica	
"9c5e4949-c45a-4ad8-a720-e6ec6600eaa7"	Magnolia tripetala	
"9c76b27f-da11-49fa-8d6f-a2c4a647e296"	Linum usitatissimum	Flax seed
"9c790a28-32d2-420e-8f80-e6c978bf9552"	Drosera intermedia	
"9cfa3da6-1713-46ba-88a3-10750f27f237"	Sagittaria graminea	
"9d42816a-df2d-41f8-a728-c6955510a842"	Cinnamomum verum	Cinnamon
"9d7449b7-d5d9-4e6c-a6eb-b1f222da8b3e"	Chionanthus virginicus	
"9d92f2a5-03e4-4a87-ac0c-f4dbc9ea11d8"	Hyptis verticillata	
"9d9e9847-bc9c-47fe-a760-81218d2820f2"	Papaver somniferum	
"9dabb2e8-34bc-46f3-a114-53906add2d18"	Ludwigia erecta	
"9e037566-9baa-4e84-af9c-df0f1c22525b"	Smilax glauca	
"9e0aa324-1038-480d-9397-fca29f129af2"	Senna obtusifolia	
"9e0f4075-91a9-40a0-97d7-cb113d6f050a"	Oxyria digyna	
"9e19900a-c256-4161-a4cb-37967de32e4f"	Cinnamomum cassia	Cinnamon
"9e728096-2b0e-4dcf-8f91-4eb900a2c3dd"	Lycopus americanus	
"9eaad654-54a7-4f43-9d5e-b8c1d7aa195d"	Magnolia virginiana	
"9ee5b8dd-f507-4a68-92b4-b5740dcb2d4f"	Centranthus ruber	
"9f7f70b0-5a2d-4386-bbe5-4272942e5d8b"	Alcea rosea	
"9fdfd007-b41c-4590-b566-01e2a67b5002"	Carpinus caroliniana	
a0276468-b883-4a18-87ae-ea1f6cbc47c4	Hypericum perforatum	St. John's Wort
a0279c01-ef6a-4571-b80a-89c5ede98e70	Melia azedarach	
a0573fde-7339-4a16-b85c-96d806d5ffe5	Euphorbia antisyphilitica	Candelilla
a0c7f5d0-482e-46da-bc77-40ec73a8060d	Smilax smallii	
a0e609d2-c4ba-4e6a-a487-f7ed49de42bf	Ilex vomitoria	
a16ccbf5-3f61-42b8-99a6-3e17bc0bc25b	Hibiscus moscheutos	
a19edb99-b49b-4671-88f2-1b165abd71a3	Berberis lycium	
a1b8ee8b-0f11-447d-9103-6e855f788a4d	Schisandra glabra	
a1c4a75e-c723-4216-a88c-72d445c6ee15	Eschscholzia californica	California Poppy
a1dcadf2-11dc-47f7-b81e-986cbf332309	Nepeta cilicica	
a236924f-35d6-4249-8cbb-f4f2ef688017	Gentiana olivieri	
a2951a64-8730-427c-b469-4b53857991f2	Serenoa repens	Saw Palmetto
a30e4fb9-e105-4abb-b337-25d65331e373	Schisandra chinensis	
a3369b11-e830-4dd8-91cd-28af4c5ade73	Pyrus pashia	
a389517e-e8e5-474f-b17d-8bcaab9a5909	Crotalaria juncea	
a3c5aba8-fb16-419b-8ba6-ca9d5cd6b3f1	Aesculus pavia	
a4ae4aa6-013d-4181-94ca-7b5389fa56c9	Mimosa pudica	Mimosa pudica
a4cf85cd-d207-4d2c-883b-9e7192e41baa	Ferula elaeochytris	
a4edbe83-3159-4a8f-935a-35058a475add	Plantago major	
a4f055bc-f783-46e0-a8b9-1466dc3228d7	Morus rubra	
a5628583-d760-49f6-8c01-168a0cdf04f1	Tilia × europaea L.	
a5a34649-2276-4901-bd95-e680cc66fe93	Echinacea purpurea	Echinacea purpurea
a5a58b41-a800-41b1-b345-1089aa1638b7	Levisticum officinale	
a5a7abc1-457a-40e9-8c8e-9a1b2f3b0f10	Fomitopsis pinicola	
a5afeabd-b124-4b4a-9cfb-1ef0d74c5e9b	Nephrolepis cordifolia	
a5b4ac7e-d15c-4e8f-b7a6-a797dfa23162	Quercus marilandica	
a5e14b0d-b4ea-48f2-aeae-e314f19f5943	Solidago altissima	
a5e14b0d-b4ea-48f2-aeae-e314f19f5943	Solidago canadensis	
a65787aa-c9e8-42e9-b725-1f18939e7bb3	Glycyrrhiza glabra	Licorice
a6e67939-8666-45f6-a35b-7bc817b10aa3	Morella kandtiana	
a6fc0503-6567-46db-bc03-3e380b76f96e	Cuphea carthagenensis	
a73cc0c1-2feb-4478-ae4d-7c537c4fbb68	Clitoria mariana	
a77ba115-70f9-47fc-b83c-194a12e61a38	Typha latifolia	
a7c0f587-6f66-49ee-a128-ef0fcf8edcbb	Papaver somniferum	
a7e6e085-f45f-40b6-866f-b2b1fa1ed01c	Arundo donax	
a8025cb7-a3bc-4631-bad9-7974baca425c	Verbascum thapsus	
a853cbca-b3e7-4e18-8a76-027c99abc1e1	Mimosa pudica	Mimosa pudica
a8ae9fb5-6f57-4643-9b0a-166aa9c454c2	Cephalanthus occidentalis	
a8ed0010-2958-402d-9d10-c5395c0e4213	Crataegus azarolus	
a8ee3efd-073a-45aa-976d-87ebc00b989b	Rhexia mariana	
a8ee3efd-073a-45aa-976d-87ebc00b989b	Rhexia virginica	
a91a5a4c-6908-4b72-9d0c-6922164d86c1	Fagus grandifolia	
aa66e5ac-8acc-4150-82c4-c82767b6934a	Hypericum perforatum	St. John's Wort
aa6d5a45-4ea2-4157-85de-d13ae37330ed	Papaver somniferum	
aaae7792-0f48-43e8-a9fb-07dbd9e3d1e2	Pausinystalia johimbe	Yohimbe
aae0c4e6-84a5-4027-ab8f-be49d2f6b447	Markhamia lutea	
ab123b2e-dfcd-4e32-9198-77467e3a34ac	Hymenocallis crassifolia	
ab17ae96-a3f7-4519-9222-653878a5768d	Tanacetum vulgare	Tansy
ab6ef481-9210-4965-9bd5-b4b09fa787af	Melissa officinalis	
ab89d145-a6a7-4577-8069-a616b0f6757b	Juglans regia	English Walnut
ac393808-6902-4a0b-8310-345e7b21e23b	Liquidambar styraciflua	
ac7df212-4572-4305-a5e5-373d14545044	Vaccinium myrsinites	
ac9107eb-6c9b-4ad5-a602-996cf7434a75	Origanum majorana	Sweet Marjoram
aca24f24-36b0-444c-9e72-e3e839f1affa	Senna occidentalis	
acd31728-eac3-4005-a80f-aae4689f9eab	Hydrastis canadensis	Goldenseal
ad7694c1-16dc-4111-94fc-9b0ffac2717f	Crataegus azarolus	
ade472a3-75a7-4667-96a7-f3122ca26302	Salvia pratensis	
adf82969-6951-41fd-9993-f1ad4dcf0252	Urena lobata	
adfef2df-18e6-435c-9ad1-69817b00c25f	Sterculia dawei	
ae393d0b-da70-4432-a110-fc43eb959bf2	Verbascum thapsus	
ae430a3c-4317-424a-ade4-f87aee41c289	Helichrysum panormitanum	
ae731326-0799-4e27-b673-c1515fde858f	Bacopa monnieri	
ae812ee7-540f-4ad9-a596-e8adbebae779	Asclepias curassavica	
af0c87a7-77f7-45f6-ba2e-1dd7446aa89d	Delonix regia	
b005d419-55e7-42a8-aacc-b110d6f9d37d	Glycyrrhiza glabra	Licorice
b05d9207-eeff-4ba5-bb2f-fd779d47840b	Dioscorea villosa	Wild Yam
b0620ad8-2570-45c5-8f8a-da22dd7aff27	Achillea millefolium	
b0990d8b-406a-46dc-ab59-945cab66efcb	Vinca major	
b0ad905e-b8f3-4ef1-8872-5c767782ff0c	Salix nigra	
b1216e0c-2693-47b9-8c5e-248536f62b3a	Daphne sericea	
b154c24a-e8c9-408a-bbc0-d6641c5259b1	Asclepias incarnata	
b16dcb17-366b-4b07-bcc3-c28c3e7d3c19	Anthyllis vulneraria	
b18de7bb-dd62-4fce-907d-fd53fa78169c	Aesculus pavia	
b1dd57ac-8635-41fb-9626-8a39cfcb948c	Brassica oleracea	Kale
b30656ae-8813-4530-8354-63713b7677f9	Trigonella foenum	Fenugreek
b33fae8d-d152-4754-a4cf-11dc96a8cdd4	Croton argyranthemus	
b39ddc3a-46af-4e6c-9ece-5e403eb9ff02	Berberis lycium	
b3b21fa1-70d0-4f87-a99b-951e0020d3f6	Ruta chalepensis	
b40ba293-2775-4ccb-834d-b775d551c213	Agathosma betulina	
b41a6504-f5fc-4d90-a461-83602bc74774	Zanthoxylum clava	
b4d8efd4-01dc-42a8-b1f6-83a3b4d31f51	Tanacetum parthenium	Feverfew
b54d9066-38a0-448a-a5d8-ca26010425c9	Amsonia ciliata	
b54d9066-38a0-448a-a5d8-ca26010425c9	Amsonia tabernaemontana	
b5c1b83a-3f32-40ac-8710-138064383008	Hypericum punctatum	
b5cd533c-47a4-41ce-bf3b-9c2503c9898c	Allium amethystinum	Leek
b5d6314a-fd86-4d2e-9551-76d01bc702fd	Brassica macrocarpa	
b5db5063-28de-4bf3-95a5-48fe76b05ecc	Stylisma humistrata	
b63e24ab-daa5-4335-ac3e-43dc70070155	Smilax auriculata	
b65c9e47-0262-4f41-9d35-b864052b237e	Filipendula ulmaria	
b6f89b94-b46e-446e-9047-3a333a2bfb2c	Curcuma longa	Turmeric
b71a9418-82b9-4871-9d93-b65e8f84b4f2	Castanea mollissima	
b7257813-d459-4425-8816-d9a264295afe	Thymbra capitata	
b88e936a-d52f-4f0a-8057-2bd6b051b732	Prunus spinosa	
b8f06d4b-9712-45ee-ba1d-cd2628621056	Jatropha curcas	
b92bab33-24d8-48ac-ba55-096f777a6666	Cordyceps militaris	
b93a3c08-bc69-49c9-b70e-b783e2271829	Morrenia odorata	
b980fa6a-5cbc-4feb-88a3-0e762bd81163	Allium cepa	onion
b99d9560-e218-4a59-90df-ee231ec2c84f	Citrus sinensis	
b9afdc87-e40f-40c6-8f36-31e9423f4e92	Alocasia macrorrhizos	
b9b45443-6949-48e5-9a29-39c1d609bbc5	Hedera helix	Ivy leaf
b9b94f97-1a09-437f-8f2e-c3108a2cc78c	Clinopodium nepeta	
b9c56dc8-45e0-4f92-bf57-1b2407613aad	Prunus caroliniana	
ba629519-b551-44aa-95ca-d4871a621511	Sambucus nigra	Elderberry
ba898cb0-91d9-4190-9be1-0cec9c95c770	Solanum linnaeanum	
ba916307-4aa7-45c1-a91a-ccd160645bdc	Scrophularia umbrosa	
bab205eb-e505-4913-b115-612f57dc9d35	Amaranthus spinosus	
bad615c6-c5d4-4196-9a95-7dfcf33790d9	Foeniculum vulgare	
bb201f8c-fdd7-4292-9828-ddc9f4443899	Quercus inopina	
bb201f8c-fdd7-4292-9828-ddc9f4443899	Quercus laevis	
bb201f8c-fdd7-4292-9828-ddc9f4443899	Quercus margaretta	
bb38bfbc-9d67-45b9-809d-5a02bd9f0000	Rosa canina	Rose Hip
bb4329ed-f859-40fd-af27-3a643e8d25c1	Orchis anthropophora	
bb4329ed-f859-40fd-af27-3a643e8d25c1	Orchis italica	
bb4329ed-f859-40fd-af27-3a643e8d25c1	Orchis purpurea	
bb81e026-00e6-4270-ba51-ffccde4c61a0	Quercus arkansana	
bb986ca1-dd0b-4e62-b069-df7243b34185	Indigofera hirsuta	
bc13cffd-8a65-4f42-843a-4e81cbe1a621	Commelina benghalensis	
bc16ca14-c033-48c2-9d1f-74c28248556e	Lupinus perennis	
bc21c67c-e2e5-4d0e-b3c5-d28f58310062	Marrubium vulgare	Horehound
bcbc0925-2b7a-480c-9a9c-c7b67fb20469	Melissa officinalis	
bd3c8667-6be6-46ce-a87c-8ea4204160e9	Lepidium	
bd99329d-ab03-41d8-90b9-f15ef62ff9e2	Marrubium vulgare	Horehound
bdaa9299-7475-4c78-9ad5-ec46cfc9eb4b	Ilex vomitoria	
be1c7fff-8435-404b-b2cf-f47984457111	Seseli bocconei	
be1f7746-36f5-408b-8f3e-030caffb37cd	Papaver somniferum	
be899f62-a963-4e6c-9996-eda1eedf084e	Ditrysinia fruticosa	
bed74744-84a4-4a70-8cef-a72632b759eb	Vinca major	
bf347952-5894-4c2e-abab-d3315984acaa	Brassica oleracea	Kale
bf637d18-7c4b-4cfa-9ad5-3991c34325c1	Hippocrepis emerus	
bfe84a86-0787-4309-834e-236cd36e5237	Trifolium repens	
c020e4d3-dde1-4bb0-93e7-09b9002f3c53	Alchemilla xanthochlora	
c05a6c94-5c76-4c6e-8934-181251198bf1	Trifolium repens	
c0f3a3db-cb1a-469c-af29-b7a803b5347d	Ulmus minor	
c1230346-92da-425e-a524-08cf56b90a7c	Agrimonia eupatoria	
c15d78a5-b11d-4616-88f5-4119ce4581e1	Harungana madagascariensis	
c1bd9da7-23ff-4fb5-aa16-67e4399ed997	Kalanchoe mortagei	
c1f44283-484d-45af-afc6-fe006bf9349b	Ptelea trifoliata	
c1f4d2fb-83bd-4a8f-be47-30fdebaba6a8	Agathosma betulina	
c20cf31f-a6c4-4b10-bf49-ff0e5046f0f4	Fumaria officinalis	
c2321b67-01a6-4247-9298-5280b9628f9e	Erechtites hieracifolia	
c29bcb4a-98a1-4d65-8d1e-545f09eb2743	Ulmus americana	
c2a0f94c-20aa-4517-ae92-0d8aeae16075	Salix × fragilis L.	
c2bbd017-b29a-4381-95cf-54c8621641a9	Rubus leucodermis	
c305de3e-34e9-49ce-b45f-fafc349a1668	Thymelaea tartonraira	
c31042ed-0677-4da4-9ba8-ececbe71fe8c	Carya illinoinensis	
c329e789-13d2-4e8d-a77c-3fe73621e617	Aristolochia fimbriata	
c3799254-647a-4827-9dca-099eff49b5b5	Abies borisii	
c3799254-647a-4827-9dca-099eff49b5b5	Pinus peuce	
c38ae4ea-6775-4380-a1aa-3165788a794b	Centrosema virginianum	
c3b01f08-8461-4780-8549-c9ab035e1d7b	Ceterach officinarum	
c3c2fb29-a52f-4086-a523-60bdd9768e86	Toddalia asiatica	
c3ff131c-aead-45ad-881a-11eafda93dee	Helminthotheca echioides	
c40a72c5-2ac8-4282-b045-6b0ded2ca763	Mentha spicata	Spearmint
c43f30d1-df7c-42ab-b658-52ec96831f5f	Aesculus pavia	
c4845ff3-916f-4656-b48e-c8f7106bc86b	Fumana thymifolia	
c493ff72-0a69-456a-9da7-bdf08e3dfe83	Eupatorium purpureum	
c6079570-36c1-4279-a1e2-7cbb3dae6940	Azadirachta indica	
c60dbbb5-19f3-4844-8a2c-4568ce0d8815	Quercus cerris	
c6858656-3d01-4683-bcae-d3090f6bbf20	Abies borisii	
c6858656-3d01-4683-bcae-d3090f6bbf20	Pinus peuce	
c688d2ca-e358-4662-b417-25072a01b44a	Schisandra chinensis	
c6bca997-0cb9-4bcd-9449-4451b0193515	Pausinystalia johimbe	Yohimbe
c6d4daa0-81d4-4093-a112-5ab82e1b91f1	Posidonia oceanica	
c6e275ed-7eb0-4569-99fd-1b8a1c3c5a1a	Daphne gnidium	
c6fd99b5-3e42-40fb-9ef4-d77a678f189e	Zanthoxylum chalybeum	
c719ff05-0e8a-4286-998f-7d97e618a977	Juglans regia	English Walnut
c737a17b-41cd-43ab-bdd3-7159c943e6c0	Alpinia officinarum	Lesser Galangal
c7ea30b7-a387-4cbf-8f70-b93b10f38733	Castanea pumila	
c828fcf3-bf30-4e04-9bd0-ebe45f624356	Rosmarinus officinalis	
c8b0dced-200d-4043-b061-449a4eb11d4e	Coptis chinensis	Coptis
c8f9ce4f-576e-4aae-b17f-80f1f7d853d3	Ipomoea cordatotriloba	
c9316b36-31be-4cab-964b-0b32544f2f06	Aralia spinosa	
c946c913-ce2c-43c3-8800-e0e7b2fd71cf	Salix eriocephala	
c946c913-ce2c-43c3-8800-e0e7b2fd71cf	Saussurea gossypiphora	
c95326cd-f73c-4f40-a30a-ea21d72a3e5b	Melia azedarach	
c9799c8a-88a5-44a5-9957-d070ff8fee90	Bryophyllum fedtschenkoi	
c9a5bc26-99eb-4155-a7e8-6f60ca979a6e	Eryngium foetidum	
c9d2bd25-cad8-4785-af5c-650c33913a08	Floscopa confusa	
ca00321d-6e70-4e75-a2d6-1a7d412f73ae	Senna occidentalis	
ca016022-82f0-4084-9d0a-69b7cc3cb634	Diplotaxis erucoides	
ca2d7577-0723-4e8e-9d55-f5e56d0c2785	Thymelaea hirsuta	
cafc9618-3cae-423d-8971-c92cda89a036	Myriophyllum aquaticum	
cb269ce9-420c-467a-9911-1e489032096a	Gentiana lutea	Gentian Root
cb4052b8-8aba-4c75-876b-baacc23dc39d	Toddalia asiatica	
cbadc151-5431-4a5d-8d8a-362bfc846923	Plantago major	
cbd2acb9-2a8c-42fb-aeb3-15c4ca5cd534	Matricaria chamomilla	Chamomile (not specified)
cc0bee28-0824-4f0e-a5f9-140c4c875664	Piptoporus betulinus	
cc1a04c9-c6b6-474c-8d8d-db585542eed4	Callicarpa americana	
cc50f85b-6dba-4815-bc2c-f561381c796c	Hesperaloe parviflora	
cc9a6f57-2ec3-418a-aa0b-a5b13dd4cbd6	Vitis rotundifolia	
ccc91725-6e76-4b66-9617-54d15048bb68	Equisetum hyemale	Horsetail
ccdf6e47-a53c-46cf-92d0-0a40104bde43	Bauhinia guianensis	
ccf8687b-b5b1-4feb-aba7-1d4c7c9bb819	Crataegus flava	
cd023c40-2e64-40f6-aed5-e74cb2ae3049	Amaranthus spinosus	
cd2efc7a-fa62-4d03-a2eb-8160f7ca1c5b	Microgramma lycopodioides	
cd810d26-c028-4ba9-9f6a-9cef345f7779	Pistacia terebinthus	
cd9100f5-67a3-4ce9-8b7d-582227a08aa0	Alchornea hirtella	
cde869aa-bee9-4770-ae3e-c07152a75997	Solanum anguivi	
ce50d3a4-fb7e-476e-9561-c92696b72ca5	Acer rubrum	
ce9ce138-9a96-40f7-ab14-de6b006c13f1	Rheum australe	
cf2ac5bc-1bc5-4b93-9fd7-23898e82ff35	Rubus trivialis	
cf371310-170f-4572-8a1b-7d4fe69aa271	Aloe vera	Aloe vera
cf4870c5-005b-4e72-b686-033606791f84	Aralia spinosa	
cfdda493-ce0c-422d-8dc0-97790d092256	Melilotus albus	
d03e5ed2-e218-43d4-8b22-e2c618e03a0f	Scrophularia umbrosa	
d07ff073-041e-4507-8c4a-b58ccfd71d31	Nymphaea odorata	
d0ac227f-ce19-4c92-98d9-77166b38302e	Matelea gonocarpos	
d1009946-b560-415c-8384-5578281a3cd9	Sambucus nigra	Elderberry
d106c3b5-7965-425e-9456-40464ebc5002	Ginkgo biloba	Ginkgo
d113e564-ff64-44b0-ad7a-09b8e3002223	Asphodelus microcarpus	
d11fc858-150f-4cdb-a66d-71c33152c783	Liquidambar styraciflua	
d1714c9a-8856-4eea-bd80-c21b41ede7b9	Prunella vulgaris	
d18b936f-ef0a-4d61-8d8e-13e30fac9514	Schoenoplectus tabernaemontani	
d1b44369-1f7d-4248-ac87-c3fd12829296	Asclepias erosa	
d1da448b-d06f-4265-b002-2710c40fc967	Crotalaria pallida	
d24a6866-f45e-4adb-b141-310b64bed2fe	Knautia arvensis	
d24a6866-f45e-4adb-b141-310b64bed2fe	Knautia lucana	
d284c5e0-abf6-45e1-8c52-59e05d5f74b3	Spartium junceum	
d3406a80-e804-46ee-8588-0d4959848fbc	Tillandsia usneoides	
d36cd947-c5ce-40cf-adbf-02ae1b913655	Periploca laevigata	
d4277863-f862-4a77-b15f-5b1be6192922	Hyssopus officinalis	
d433040d-3ddf-4233-8e37-3f51ecca2906	Papaver somniferum	
d437e230-93f6-4873-8f3d-f02105b6b99a	Cannabis sativa	Hemp extract
d494943c-f5f9-4320-8d4c-8d0a7e5b3a74	Stachys officinalis	
d4a8bab9-6991-447d-b67f-7b0c224f0a28	Cyclamen hederifolium	
d5072fb7-937f-428b-ac33-11c603dbc8a6	Verbascum thapsus	
d544d2d2-96bb-41eb-99c4-23638380eb87	Euphorbia characias	
d5b7f994-2785-4cac-b0b0-f68751e42f2a	Lycium barbarum	
d5b9ea8d-a331-4432-9b5f-c01114d52772	Typha domingensis	
d5cab229-2ad1-4111-b17d-50f351e306d0	Urtica dioica	
d5ed972d-c9a6-445d-991c-f61708e61bf7	Gentiana lutea	Gentian Root
d5f0103d-b46c-4a5e-a66b-b53df3fd26e5	Inocutis tamaricis	
d63bc2ca-746d-41ba-8e8e-1cedc55188d8	Hylotelephium telephioides	
d696fb70-b10b-4e62-9b0d-f9786026be52	Inocutis tamaricis	
d6b2faea-a56c-4b3b-af49-b4ae8947fec8	Rheum	
d6fe9041-e80b-49dc-a09b-3b157f51e467	Solanum americanum	
d782bd3e-2554-49b9-9bfd-37ca0e8aecb6	Vicia faba	Broad Bean
d80a1f6f-0880-45fb-83ce-8c826bb32c71	Polygala grandiflora	
d80a1f6f-0880-45fb-83ce-8c826bb32c71	Polygala nana	
d80f92c9-ffc9-4283-a8ae-f88fa729247a	Chimaphila umbellata	
d83d54c8-258c-4b3d-9ab3-f7a3e5a3aee7	Salvia sclarea	
d848087e-0ba6-4258-954d-5b4419c7a367	Posidonia oceanica	
d86a95f6-8979-479f-9984-6d96c58d0424	Erica multiflora	
d91872fc-acc2-4115-a588-a9fd1c804f98	Orchis anthropophora	
d91872fc-acc2-4115-a588-a9fd1c804f98	Orchis italica	
d91872fc-acc2-4115-a588-a9fd1c804f98	Orchis purpurea	
d91ed184-9560-49d2-908b-029247f66cc1	Gloeophyllum sepiarium	
d9249c77-1bda-46e8-85f2-eddb0763f13d	Andropogon glomeratus	
d965099b-2283-4a2f-bce8-3e2cd0fd12b0	Leucas calostachys	
d968b5ac-dd96-4557-9807-396a8ffc9e6b	Senecio doriiformis	
d9b0deae-4778-489c-80cc-debee270a9f2	Juglans regia	English Walnut
d9b34ac7-a274-4682-91e9-8a99382d4a7d	Magnolia officinalis	
d9c7f704-5f27-4c74-9ec1-f7ba0915ff49	Cecropia peltata	
d9ce7c10-e801-4073-a377-ce4b50df10bb	Pistacia lentiscus	
da2ecd0d-a09b-49c9-8955-3c8cd1e591b8	Cuphea carthagenensis	
da2f65ea-7bc5-4147-9cd4-3759bb2ba2a8	Melissa officinalis	
da3bd8f7-009c-4b1f-81f1-f73323764b04	Juncus effusus	
da5eb418-6b7b-417a-80d1-d9cadd5851dc	Floscopa confusa	
da5fe089-ebe3-4dad-8979-95a4b6e3eed8	Petroselinum crispum	Parsley
da961821-a81e-4c07-85c8-2e485145944d	Echinacea angustifolia	Echinacea angustifolia
da9f6053-edea-4c3c-90a1-2179140c17ec	Sisymbrium officinale	
daa493b1-eca6-42f6-a5b8-2a4c1cedf3b9	Rubus laciniatus	
daeb56e9-006f-4975-98ef-16a63a08bfeb	Sargassum pallidum	Sargassum
dafc576e-fe2e-4591-a29a-bcab09882ce8	Achillea millefolium	
db30326c-4277-4276-85ac-a07f21081cb2	Origanum compactum	
db30326c-4277-4276-85ac-a07f21081cb2	Origanum ehrenbergii	
db30326c-4277-4276-85ac-a07f21081cb2	Origanum libanoticum	
db4e1eab-130a-4e4d-9697-813065d55cc8	Pteridium aquilinum	
db88c8ae-a45a-40fe-b0d2-c8ac056475b2	Oxalis priceae	
db8d5996-9f8b-4c0e-93be-e920d24c27ff	Clematis glaucophylla	
dbdc30cd-2fb6-4132-a11c-318a6ae96729	Aristolochia rugosa	
dbedae73-838d-4d3a-a861-c3c828986835	Grewia calymmatosepala	
dc0e0beb-3c72-411d-b1ba-03031cac5604	Scutellaria lateriflora	
dc6f848b-18bb-4620-81b1-b2af39721bd9	Glycyrrhiza uralensis	Licorice
dca88a50-dcaf-4ec2-a967-b6693312b055	Acer rubrum	
dcf7c7f3-f616-4c0d-853f-67a17d03b7c2	Celtis gomphophylla	
dd16c617-fe7c-4f7b-b6ae-a1905b1ccd53	Achillea ageratum	
dd2db0cb-5ce9-4270-aff3-ef924195ec92	Rubus allegheniensis	
dd908223-c4ab-4cba-b28c-d95f702580e5	Eschscholzia californica	California Poppy
ddff3d9c-19a5-4ccd-8c92-77ba668a0eff	Allium amethystinum	Leek
de0b7b1d-ce2d-4d74-8104-ce5362ba147e	Eryngium foetidum	
de483e9d-9c62-42a6-a83e-cd9ab3f009e0	Iris virginica	
dee1957c-7c5d-4574-ac6e-d2240ba45bc2	Silene latifolia	
def41b0f-0d4f-4944-894b-4eb50fd3fb32	Solidago odora	
df627325-7a26-4d4b-bb51-f24ee3b32ec9	Diospyros virginiana	Persimmon
df84c269-6710-447b-a573-f1353a990d01	Achillea millefolium	
df8f5120-8975-4d57-9e56-56c8bd1711a7	Orchis anthropophora	
df8f5120-8975-4d57-9e56-56c8bd1711a7	Orchis italica	
df8f5120-8975-4d57-9e56-56c8bd1711a7	Orchis purpurea	
e02dd23a-49c5-453f-87e1-f5c8c9fb9dff	Campsis radicans	
e0ff0553-fa36-42d8-972d-130aa6e523c0	Plectranthus hadiensis	
e146b59b-c8bd-4036-9a03-a806f2aba263	Piloblephis rigida	
e16e7198-5f61-4e9f-99d9-8fcb27897ce6	Echinacea purpurea	Echinacea purpurea
e1fc0a6b-e66a-4216-b91a-5d44860d6448	Hypericum gentianoides	
e271406e-6348-4876-abb1-2577abd6d3c3	Aesculus hippocastanum	Horse Chestnut
e2bde633-658c-4da6-9ea7-133429ee60c6	Ilex paraguariensis	Yerba Mate
e2cc633c-0e26-49c3-b22b-d38335b7e1bd	Smyrnium olusatrum	
e2eb2df5-e3c3-4870-914c-1740ba4720a7	Phlox glaberrima	
e317e378-1188-48af-9f19-fa8bb8b757c3	Papaver rhoeas	
e34ad594-de04-47f3-a51c-4f87e98d58a4	Ambrosia artemisiifolia	Ragweed
e3576cab-4df4-4505-9fe2-4b60a7b9a6ba	Juglans regia	English Walnut
e36593f2-3145-43e5-8d4e-fff2745cf8f1	Rumex crispus	
e3c4627d-1bd4-4afb-b6b3-24e1af1f4833	Helenium amarum	
e3fc751c-2f24-4299-b4d9-34ebded7a9ca	Mitchella repens	
e418338c-0629-4c47-8c1f-1d9021dbc0e7	Ruta graveolens	
e4223c23-df19-4538-b6d2-934dc7599203	Pinus mugo	
e45b571b-ea97-4c2f-903c-c9298b1ecbb0	Curcuma Jonga	Turmeric
e49ba01e-3732-4142-9e2a-4e78e0578515	Sanguinaria canadensis	Bloodroot
e4af13ea-1259-45d4-ac08-ca4b2833ef2b	Satureja montana	
e4dfd494-ca9e-4c0a-8c32-b2abba021555	Marrubium vulgare	Horehound
e56e1fec-b05b-4f9e-8d44-50ba106c424f	Quercus marilandica	
e61776e4-cffe-4ae3-bb22-a3523eb53355	Eupatorium fortunei	
e646c8d2-e269-411a-9407-f9db7d1d2f39	Beta vulgaris	Beet root
e646df86-31ca-45cc-abb3-2760e680c115	Clinopodium vulgare	
e66c4a30-9822-4785-9458-d26766d9ab09	Centaurium pulchellum	
e670623e-fc14-4227-9130-a731543091f3	Conyza canadensis	
e67d04a1-71e4-4daf-8d5d-7447ebf10138	Phytolacca americana	
e6a6aac0-6e83-462d-bb1b-9731b37ccaa7	Yucca filamentosa	
e6ee11b0-69f2-4b3a-94d8-a46de7eca8c8	Alchemilla xanthochlora	
e76d3ef2-ce2f-4a97-a193-454c64553b28	Daucus carota	Carrot
e779ac1e-25d1-452b-b59f-c1cc9f18164b	Chrysopsis mariana	
e787d17e-6da3-42e0-a774-0edd8fff665c	Galium verum	
e82712d4-3e6f-4796-ad5e-3ffb60f120d1	Helianthemum rosmarinifolium	
e8588a11-aba6-48fb-8957-b0a5320af271	Magnolia officinalis	
e8a6e41a-5a2f-4a83-8c84-3669d1def364	Typha latifolia	
e958461c-3966-4232-804a-5d4b383cc010	Mitracarpus hirtus	
e9b59c0d-4d30-41e7-9205-68fa2bf4ec2b	Brassica macrocarpa	
ea0d693a-4a6c-40f4-a160-f8c224747806	Agrimonia eupatoria	
ea4c2d3d-03cb-4802-8328-5a6661c4a5c8	Salvia sclarea	
ea902649-d862-4dfb-942c-cb7eab50fb56	Erythrina lysistemon	
ea991569-e0fc-40cc-b5b2-b296df57b514	Astragalus monspessulanus	
ead52887-ab35-43a9-81ef-aed2202f7fb6	Crepis neglecta	
eade8733-1819-4816-a05a-86d60639c181	Cinnamomum burmanni	
eb1dc6de-e165-4499-baa7-71d06e9f9b7a	Castanea mollissima	
eb45374d-10ca-409d-a439-45f468bbf0ef	Alcea rosea	
eb88cf6c-e4b0-43e5-91f5-b3760e850786	Bixa orellana	
ebe1b874-8edd-441e-a10a-0e571e0845e0	Carya alba	
ec82593f-8f6c-480a-a402-246032dcf759	Enterolobium cyclocarpum	
ec8329d4-fca6-4e8c-bed9-c442d5d35539	Commelina diffusa	
ed7c0c22-98a0-4744-b201-5e628fb7b09c	Pistacia lentiscus	
edd46339-7559-4cb0-a284-b28295fd39c6	Filipendula ulmaria	
ee099ba6-caaf-4b13-9127-23997b7402bc	Vinca major	
ee4f7b73-fbda-4199-9d63-dd2d1ec4ed74	Geranium maculatum	
eea899d3-84b1-48f7-a147-b6bc680110cd	Crotalaria juncea	
ef2a4bb3-f678-4955-9563-a617a97896cc	Amaranthus spinosus	
ef2b39d0-5ac8-4a86-b592-21876c5311d1	Amomum tsao	
ef3a5528-4053-42dd-b771-edd577c9a6e4	Urena lobata	
ef3fc429-75a3-4691-9ccb-66715060dce8	Petroselinum crispum	Parsley
efb4f279-dda3-4160-8193-15b47b496ea2	Lycium barbarum	
efd2d733-5875-4d4d-ab97-b08dc2ba7b61	Sambucus ebulus	
efe90f96-cced-42b9-b846-83a8a43fd452	Coriandrum sativum	
f01fea36-195d-4582-82fb-f9cc42bce3e4	Prunella vulgaris	
f04ee5d1-b41d-4792-893a-c1ab3c47b5cc	Daucus carota	Carrot
f0e48132-5202-4374-b4c0-b09fed43faf3	Vitis aestivalis	
f151ce47-fa62-4317-897d-c016c782b06e	Clinopodium vulgare	
f1a1b69d-ff2d-4617-9309-c39a9150d6a4	Echinacea angustifolia	Echinacea angustifolia
f1b59a24-97ab-4aaa-978b-58630c926d4d	Juglans regia	English Walnut
f2c9b039-b760-434c-bc9a-9fe52a94ff93	Cordia curassavica	
f2f8058e-c3b7-4bab-a424-a8f68e12a5be	Phlomis italica	
f2fbd39a-06da-432c-be32-91be1151d290	Prunus umbellata	
f3062263-d7a7-4986-9232-b83fcfa265da	Crataegus laevigata	
f3203eab-81ed-4fa4-b91e-7ca7209126c1	Jacobaea maritima	
f3ddf8c7-ab5b-48ae-9785-f30a8e36f4f5	Juniperus communis	
f4025645-44d8-4623-a00d-63a4f563a542	Achillea millefolium	
f431a022-ad0a-4519-80d3-3886f3f1460e	Trifolium badium	
f431a022-ad0a-4519-80d3-3886f3f1460e	Trifolium ochroleucon	
f43f8545-24a2-424a-9a07-4a00b88dfd5d	Ludwigia helminthorrhiza	
f43f8545-24a2-424a-9a07-4a00b88dfd5d	Ludwigia leptocarpa	
f43f8545-24a2-424a-9a07-4a00b88dfd5d	Ludwigia linearis	
f49027d3-ec69-4b90-8b48-028ea264ada7	Iris virginica	
f4b8dfaa-9e72-45da-903b-91e3d29828cc	Euphorbia dendroides	
f5233921-ecc4-4bb1-baba-89fc4a796333	Piriqueta cistoides	
f5c35d97-a38c-4786-af30-e15eae11405a	Cecropia peltata	
f629f325-1b3d-4159-b614-86e8001da995	Brassica juncea	
f62efd68-5190-4d1c-8d86-2445c07ab21d	Lepidium virginicum	
f656e2b5-0682-4425-a4af-2b7f33e3fbb1	Sideroxylon celastrinum	
f67d9ba0-b7db-4030-a7d0-5b879f750b17	Tussilago farfara	Coltsfoot
f692b24b-2f09-4cff-9f35-383aac12ec5d	Sassafras albidum	
f709653d-32e2-4500-896d-6f11aee38aae	Tanacetum parthenium	Feverfew
f7a18471-429b-46a8-a157-87368c1b79f2	Sambucus canadensis	
f9118816-c1b2-41d6-b663-c7ae98c20b45	Viburnum opulus	Cramp Bark
f9626884-5f15-4dd0-a858-c57b2908481a	Origanum majorana	Sweet Marjoram
f9aa89ec-a66d-4904-a262-6dcc3ae84a9b	Cladium mariscus	
fa29a6fe-afc6-48a8-87d4-f6d1db549d04	Hypericum hypericoides	
fa53bdfc-70fc-4720-8235-1e38940aed59	Valeriana officinalis	Valerian
fac19f83-e85e-4512-8667-61c6cdee62ec	Senna obtusifolia	
fb56df44-57b7-4ce3-82d2-702e6b2a31e4	Phagnalon kotschyi	
fc6ba6e4-306c-4d44-af85-b7ff7c015bbd	Papaver rhoeas	
fc6d434a-1675-460e-bc83-993701d434af	Asparagus acutifolius	
fd6f5e8d-1483-4abf-9ea2-1358c6546bbf	Achillea millefolium	
fd881f44-f5ea-4299-88b7-5c85977c138f	Berberis vulgaris	
fdd2f641-9665-4bcc-915c-e019d961f23c	Enterolobium cyclocarpum	
fde07618-98de-4d01-be09-7a02233dfb20	Levisticum officinale	
fdedb93e-2619-45b8-b577-59ceb53d6e29	Artemisia herba	
fe1f493d-8417-4235-b20e-27db0223a921	Quercus arkansana	
fe5fb399-aacd-40b7-ba9f-813f5aef520b	Rhamnus lycioides	
fe61887d-b3a1-4513-9751-ec3302c48ced	Coreopsis major	
fe748382-dba3-4658-9fec-44aa0819b648	Eichhornia crassipes	
fe7c3af9-3a3b-49f2-b922-43dcabda624b	Chimaphila umbellata	
fe7d11d6-2a6e-4347-8e41-3fa7c3e56d8f	Trigonelfa foenum	Fenugreek
fe7ebc69-1daa-4a4c-987d-5b25326db35a	Matricaria chamomilla	Chamomile (not specified)
fed54d4e-8230-4fe1-a186-0917121bab30	Melissa officinalis	
ff5632fb-7d87-4f81-9915-070f052badc1	Oplopanax horridus	
ff851355-2232-44c3-bbb5-878d69115494	Valeriana officinalis	Valerian
ffa0a297-d754-4500-b343-69a5d4a333bb	Medicago polymorpha	
"uri"	"definition"	"alternative term"
